B01003_001E,B02001_002E,B02001_003E,B03003_003E,B15003_001E,B15003_022E,B15003_023E,B15003_024E,B15003_025E,B25003_001E,B25003_002E,B25003_003E,B25002_001E,B25002_003E,B19013_001E,B25064_001E,B05002_013E,B08301_001E,B08301_019E,NAME,state,county,tract,block group,ca_id,ca_name,year,geoid_bg,share_white,share_black,share_hispanic,ba_plus_total,share_ba_plus,renter_share,homeownership_rate,vacancy_rate,med_income,med_income_log,med_rent,med_rent_log,foreign_born_share,walk_to_work_share
1396,1319.0,,8.0,861,318.0,187.0,207.0,25.0,451,437,14.0,494,43.0,189632,,,543,23.0,"Block Group 2, Census Tract 8001, Cook County, Illinois",17,031,800100,2,15,Portage Park,2014,170318001002,0.9448424068767909,,0.0057306590257879654,737.0,0.8559814169570267,0.031042128603104215,0.9689578713968958,0.08704453441295547,189632,12.152845904290915,,,,0.0423572744014733
1197,1157.0,,22.0,783,379.0,157.0,114.0,50.0,381,351,30.0,395,14.0,250001,943.0,,480,6.0,"Block Group 1, Census Tract 8001, Cook County, Illinois",17,031,800100,1,15,Portage Park,2014,170318001001,0.9665831244778613,,0.018379281537176273,700.0,0.8939974457215837,0.07874015748031496,0.9212598425196851,0.035443037974683546,250001,12.429224196812383,943.0,6.8501261661455,,0.0125
1295,1235.0,30.0,110.0,836,342.0,172.0,218.0,18.0,502,355,147.0,540,38.0,157679,1320.0,,563,51.0,"Block Group 2, Census Tract 8002, Cook County, Illinois",17,031,800200,2,15,Portage Park,2014,170318002002,0.9536679536679536,0.023166023166023165,0.08494208494208494,750.0,0.8971291866028708,0.29282868525896416,0.7071713147410359,0.07037037037037037,157679,11.968322941826601,1320.0,7.186144304522325,,0.0905861456483126
667,651.0,16.0,55.0,375,112.0,175.0,13.0,14.0,219,219,,238,19.0,250001,,,329,,"Block Group 3, Census Tract 8002, Cook County, Illinois",17,031,800200,3,15,Portage Park,2014,170318002003,0.9760119940029985,0.0239880059970015,0.08245877061469266,314.0,0.8373333333333334,,1.0,0.07983193277310924,250001,12.429224196812383,,,,
1117,1042.0,18.0,,786,243.0,240.0,187.0,28.0,408,408,,499,91.0,111583,,,461,,"Block Group 5, Census Tract 8002, Cook County, Illinois",17,031,800200,5,15,Portage Park,2014,170318002005,0.9328558639212176,0.01611459265890779,,698.0,0.8880407124681934,,1.0,0.18236472945891782,111583,11.622532949475378,,,,
1291,1275.0,,34.0,884,344.0,217.0,158.0,29.0,459,459,,459,,203295,,,698,13.0,"Block Group 1, Census Tract 8002, Cook County, Illinois",17,031,800200,1,15,Portage Park,2014,170318002001,0.9876065065840434,,0.026336173508907823,748.0,0.8461538461538461,,1.0,,203295,12.22241832406626,,,,0.01862464183381089
1008,955.0,,16.0,588,155.0,126.0,77.0,,341,341,,341,,126477,,,420,,"Block Group 4, Census Tract 8002, Cook County, Illinois",17,031,800200,4,15,Portage Park,2014,170318002004,0.9474206349206349,,0.015873015873015872,358.0,0.608843537414966,,1.0,,126477,11.747823658981607,,,,
853,836.0,,,589,201.0,134.0,207.0,19.0,291,291,,323,32.0,199338,,,288,16.0,"Block Group 6, Census Tract 8002, Cook County, Illinois",17,031,800200,6,15,Portage Park,2014,170318002006,0.9800703399765534,,,561.0,0.9524617996604414,,1.0,0.09907120743034056,199338,12.202762171954234,,,,0.05555555555555555
497,469.0,,,381,191.0,25.0,65.0,16.0,194,169,25.0,242,48.0,133646,2001.0,,201,12.0,"Block Group 2, Census Tract 8003, Cook County, Illinois",17,031,800300,2,15,Portage Park,2014,170318003002,0.9436619718309859,,,297.0,0.7795275590551181,0.12886597938144329,0.8711340206185567,0.19834710743801653,133646,11.80295727462602,2001.0,7.601901959875166,,0.05970149253731343
1188,1094.0,28.0,119.0,685,192.0,140.0,78.0,117.0,405,326,79.0,460,55.0,126010,944.0,,523,3.0,"Block Group 1, Census Tract 8003, Cook County, Illinois",17,031,800300,1,15,Portage Park,2014,170318003001,0.9208754208754208,0.02356902356902357,0.10016835016835017,527.0,0.7693430656934307,0.19506172839506172,0.8049382716049382,0.11956521739130435,126010,11.744124483710355,944.0,6.851184927493743,,0.0057361376673040155
1625,1453.0,,31.0,1027,388.0,327.0,222.0,13.0,532,509,23.0,539,7.0,250001,1979.0,,687,,"Block Group 3, Census Tract 8003, Cook County, Illinois",17,031,800300,3,15,Portage Park,2014,170318003003,0.8941538461538462,,0.019076923076923078,950.0,0.9250243427458618,0.043233082706766915,0.956766917293233,0.012987012987012988,250001,12.429224196812383,1979.0,7.590852123688581,,
1123,943.0,,45.0,711,308.0,203.0,48.0,65.0,385,348,37.0,392,7.0,250001,1258.0,,506,,"Block Group 3, Census Tract 8004, Cook County, Illinois",17,031,800400,3,15,Portage Park,2014,170318004003,0.8397150489759573,,0.04007123775601069,624.0,0.8776371308016878,0.09610389610389611,0.9038961038961039,0.017857142857142856,250001,12.429224196812383,1258.0,7.138073034044347,,
1099,943.0,,10.0,697,211.0,229.0,166.0,43.0,365,338,27.0,393,28.0,250001,1428.0,,454,8.0,"Block Group 1, Census Tract 8004, Cook County, Illinois",17,031,800400,1,15,Portage Park,2014,170318004001,0.8580527752502275,,0.009099181073703366,649.0,0.9311334289813487,0.07397260273972603,0.9260273972602739,0.07124681933842239,250001,12.429224196812383,1428.0,7.264730177929867,,0.01762114537444934
1494,1358.0,,,917,369.0,226.0,160.0,13.0,495,460,35.0,541,46.0,184306,1292.0,,484,31.0,"Block Group 2, Census Tract 8004, Cook County, Illinois",17,031,800400,2,15,Portage Park,2014,170318004002,0.9089692101740294,,,768.0,0.8375136314067612,0.0707070707070707,0.9292929292929293,0.08502772643253234,184306,12.12435812448845,1292.0,7.164720378771857,,0.0640495867768595
1102,1060.0,1.0,4.0,646,253.0,159.0,136.0,25.0,340,335,5.0,340,,196786,,,392,12.0,"Block Group 2, Census Tract 8005, Cook County, Illinois",17,031,800500,2,15,Portage Park,2014,170318005002,0.9618874773139746,0.0009074410163339383,0.003629764065335753,573.0,0.8869969040247678,0.014705882352941176,0.9852941176470589,,196786,12.189877204507868,,,,0.030612244897959183
1270,1170.0,,9.0,793,385.0,258.0,74.0,21.0,416,397,19.0,444,28.0,240417,,,588,,"Block Group 4, Census Tract 8005, Cook County, Illinois",17,031,800500,4,15,Portage Park,2014,170318005004,0.9212598425196851,,0.007086614173228346,738.0,0.9306431273644389,0.04567307692307692,0.9543269230769231,0.06306306306306306,240417,12.390134354048168,,,,
835,804.0,,,586,207.0,177.0,48.0,45.0,313,223,90.0,368,55.0,122067,1179.0,,297,12.0,"Block Group 1, Census Tract 8005, Cook County, Illinois",17,031,800500,1,15,Portage Park,2014,170318005001,0.962874251497006,,,477.0,0.8139931740614335,0.28753993610223644,0.7124600638977636,0.14945652173913043,122067,11.712333545487683,1179.0,7.07326971745971,,0.04040404040404041
1043,966.0,,,566,243.0,151.0,147.0,17.0,311,302,9.0,311,,250001,,,343,,"Block Group 3, Census Tract 8005, Cook County, Illinois",17,031,800500,3,15,Portage Park,2014,170318005003,0.9261744966442953,,,558.0,0.9858657243816255,0.028938906752411574,0.9710610932475884,,250001,12.429224196812383,,,,
1016,859.0,,106.0,551,185.0,170.0,89.0,,276,254,22.0,276,,250001,,,341,,"Block Group 5, Census Tract 8005, Cook County, Illinois",17,031,800500,5,15,Portage Park,2014,170318005005,0.8454724409448819,,0.10433070866141732,444.0,0.8058076225045372,0.07971014492753623,0.9202898550724637,,250001,12.429224196812383,,,,
1086,1057.0,,51.0,675,312.0,187.0,114.0,11.0,357,301,56.0,370,13.0,152344,2001.0,,403,,"Block Group 2, Census Tract 8006, Cook County, Illinois",17,031,800600,2,15,Portage Park,2014,170318006002,0.9732965009208103,,0.04696132596685083,624.0,0.9244444444444444,0.1568627450980392,0.8431372549019608,0.03513513513513514,152344,11.933902964708901,2001.0,7.601901959875166,,
1512,1434.0,26.0,,878,338.0,257.0,119.0,60.0,437,419,18.0,496,59.0,244688,675.0,,508,17.0,"Block Group 1, Census Tract 8006, Cook County, Illinois",17,031,800600,1,15,Portage Park,2014,170318006001,0.9484126984126984,0.017195767195767195,,774.0,0.8815489749430524,0.041189931350114416,0.9588100686498856,0.11895161290322581,244688,12.407743295416669,675.0,6.516193076042964,,0.03346456692913386
2221,2105.0,,79.0,1358,576.0,292.0,267.0,22.0,672,631,41.0,672,,178111,2001.0,,852,,"Block Group 2, Census Tract 8007, Cook County, Illinois",17,031,800700,2,15,Portage Park,2014,170318007002,0.9477712742008104,,0.03556956325979289,1157.0,0.8519882179675994,0.06101190476190476,0.9389880952380952,,178111,12.090167844885563,2001.0,7.601901959875166,,
894,839.0,,42.0,540,250.0,138.0,78.0,28.0,309,285,24.0,309,,147031,,,342,20.0,"Block Group 3, Census Tract 8007, Cook County, Illinois",17,031,800700,3,15,Portage Park,2014,170318007003,0.9384787472035794,,0.04697986577181208,494.0,0.9148148148148149,0.07766990291262135,0.9223300970873787,,147031,11.89840552914531,,,,0.05847953216374269
702,683.0,,119.0,465,143.0,227.0,36.0,,251,223,28.0,260,9.0,221125,,,308,9.0,"Block Group 1, Census Tract 8007, Cook County, Illinois",17,031,800700,1,15,Portage Park,2014,170318007001,0.9729344729344729,,0.16951566951566951,406.0,0.8731182795698925,0.11155378486055777,0.8884462151394422,0.03461538461538462,221125,12.30648795378086,,,,0.02922077922077922
1233,1048.0,,59.0,812,317.0,155.0,104.0,83.0,437,410,27.0,446,9.0,126823,869.0,,556,8.0,"Block Group 4, Census Tract 8007, Cook County, Illinois",17,031,800700,4,15,Portage Park,2014,170318007004,0.8499594484995945,,0.047850770478507706,659.0,0.8115763546798029,0.06178489702517163,0.9382151029748284,0.020179372197309416,126823,11.750555577523064,869.0,6.76849321164863,,0.014388489208633094
2157,1754.0,,50.0,1588,709.0,291.0,146.0,23.0,955,821,134.0,1175,220.0,85375,1535.0,,1037,6.0,"Block Group 1, Census Tract 8008, Cook County, Illinois",17,031,800800,1,15,Portage Park,2014,170318008001,0.8131664348632359,,0.023180343069077423,1169.0,0.7361460957178841,0.14031413612565444,0.8596858638743455,0.18723404255319148,85375,11.35482030983524,1535.0,7.336936913707618,,0.0057859209257473485
1182,213.0,775.0,388.0,664,57.0,11.0,,,336,164,172.0,441,105.0,42917,963.0,,400,27.0,"Block Group 2, Census Tract 2502, Cook County, Illinois",17,031,250200,2,25,Austin,2014,170312502002,0.1802030456852792,0.6556683587140439,0.32825719120135366,68.0,0.10240963855421686,0.5119047619047619,0.4880952380952381,0.23809523809523808,42917,10.667046597336439,963.0,6.871091294610546,,0.0675
1786,286.0,1077.0,847.0,855,22.0,32.0,,,440,218,222.0,482,42.0,35833,1053.0,,579,12.0,"Block Group 1, Census Tract 2502, Cook County, Illinois",17,031,250200,1,25,Austin,2014,170312502001,0.1601343784994401,0.603023516237402,0.4742441209406495,54.0,0.06315789473684211,0.5045454545454545,0.4954545454545455,0.08713692946058091,35833,10.486652442359842,1053.0,6.960347729101308,,0.02072538860103627
1959,168.0,988.0,832.0,1071,161.0,74.0,,,596,322,274.0,639,43.0,32061,810.0,,745,,"Block Group 1, Census Tract 2503, Cook County, Illinois",17,031,250300,1,25,Austin,2014,170312503001,0.08575803981623277,0.5043389484430832,0.42470648289943846,235.0,0.21942110177404295,0.4597315436241611,0.540268456375839,0.06729264475743349,32061,10.37542680724962,810.0,6.698268054115413,,
1299,9.0,1211.0,79.0,891,25.0,13.0,,,479,168,311.0,642,163.0,35461,1030.0,,578,,"Block Group 3, Census Tract 2503, Cook County, Illinois",17,031,250300,3,25,Austin,2014,170312503003,0.006928406466512702,0.9322555812163202,0.06081601231716705,38.0,0.04264870931537598,0.6492693110647182,0.35073068893528186,0.2538940809968847,35461,10.476216979616934,1030.0,6.93828448401696,,
549,54.0,389.0,89.0,356,,,,,176,71,105.0,208,32.0,30893,928.0,,158,,"Block Group 4, Census Tract 2503, Cook County, Illinois",17,031,250300,4,25,Austin,2014,170312503004,0.09836065573770492,0.7085610200364298,0.1621129326047359,0.0,0.0,0.5965909090909091,0.4034090909090909,0.15384615384615385,30893,10.338317269274196,928.0,6.834108738813838,,
968,7.0,872.0,89.0,607,153.0,22.0,,,352,103,249.0,400,48.0,28462,906.0,,383,,"Block Group 2, Census Tract 2503, Cook County, Illinois",17,031,250300,2,25,Austin,2014,170312503002,0.007231404958677686,0.9008264462809917,0.09194214876033058,175.0,0.2883031301482702,0.7073863636363636,0.29261363636363635,0.12,28462,10.256360277191787,906.0,6.810142450115136,,
1794,,1529.0,265.0,1188,59.0,,,,485,211,274.0,568,83.0,36741,891.0,,690,11.0,"Block Group 3, Census Tract 2504, Cook County, Illinois",17,031,250400,3,25,Austin,2014,170312504003,,0.8522853957636566,0.14771460423634336,59.0,0.049663299663299666,0.5649484536082474,0.4350515463917526,0.14612676056338028,36741,10.511675793868882,891.0,6.79346613258001,,0.015942028985507246
1113,54.0,877.0,182.0,773,81.0,32.0,16.0,,429,181,248.0,492,63.0,45037,846.0,,382,,"Block Group 4, Census Tract 2504, Cook County, Illinois",17,031,250400,4,25,Austin,2014,170312504004,0.04851752021563342,0.7879604672057502,0.16352201257861634,129.0,0.16688227684346701,0.578088578088578,0.4219114219114219,0.12804878048780488,45037,10.715261856854285,846.0,6.741700694652055,,
446,,390.0,56.0,357,29.0,,,,236,74,162.0,236,,22973,959.0,,146,,"Block Group 1, Census Tract 2504, Cook County, Illinois",17,031,250400,1,25,Austin,2014,170312504001,,0.874439461883408,0.12556053811659193,29.0,0.08123249299719888,0.6864406779661016,0.3135593220338983,,22973,10.04211842070535,959.0,6.866933284461882,,
1626,133.0,1205.0,457.0,1023,19.0,,,,489,227,262.0,538,49.0,34647,875.0,,538,,"Block Group 5, Census Tract 2504, Cook County, Illinois",17,031,250400,5,25,Austin,2014,170312504005,0.08179581795817958,0.7410824108241082,0.2810578105781058,19.0,0.01857282502443793,0.5357873210633947,0.46421267893660534,0.09107806691449814,34647,10.452995282894463,875.0,6.775366090936392,,
984,28.0,828.0,207.0,672,54.0,,,,357,135,222.0,357,,31642,868.0,,330,,"Block Group 2, Census Tract 2504, Cook County, Illinois",17,031,250400,2,25,Austin,2014,170312504002,0.028455284552845527,0.8414634146341463,0.21036585365853658,54.0,0.08035714285714286,0.6218487394957983,0.37815126050420167,,31642,10.36227223407451,868.0,6.767343125265392,,
1238,582.0,434.0,309.0,834,73.0,99.0,,,493,378,115.0,493,,39156,909.0,,496,,"Block Group 7, Census Tract 2505, Cook County, Illinois",17,031,250500,7,25,Austin,2014,170312505007,0.4701130856219709,0.3505654281098546,0.2495961227786753,172.0,0.20623501199040767,0.2332657200811359,0.7667342799188641,,39156,10.57533448492537,909.0,6.813444599510896,,
625,489.0,136.0,177.0,483,134.0,85.0,,,263,230,33.0,263,,66224,,,350,,"Block Group 5, Census Tract 2505, Cook County, Illinois",17,031,250500,5,25,Austin,2014,170312505005,0.7824,0.2176,0.2832,219.0,0.453416149068323,0.12547528517110265,0.8745247148288974,,66224,11.10081331414027,,,,
1617,672.0,546.0,782.0,905,293.0,154.0,,,471,414,57.0,471,,76691,,,650,,"Block Group 1, Census Tract 2505, Cook County, Illinois",17,031,250500,1,25,Austin,2014,170312505001,0.4155844155844156,0.33766233766233766,0.4836116264687693,447.0,0.49392265193370166,0.12101910828025478,0.8789808917197452,,76691,11.247552679438282,,,,
1454,270.0,1006.0,16.0,997,253.0,101.0,43.0,31.0,521,392,129.0,521,,102523,863.0,,631,,"Block Group 2, Census Tract 2505, Cook County, Illinois",17,031,250500,2,25,Austin,2014,170312505002,0.1856946354883081,0.6918844566712518,0.011004126547455296,428.0,0.4292878635907723,0.2476007677543186,0.7523992322456814,,102523,11.537852196494088,863.0,6.761572768804055,,
1241,1059.0,51.0,413.0,804,79.0,179.0,,,567,342,225.0,654,87.0,21790,837.0,,478,,"Block Group 6, Census Tract 2505, Cook County, Illinois",17,031,250500,6,25,Austin,2014,170312505006,0.8533440773569702,0.0410958904109589,0.33279613215149073,258.0,0.3208955223880597,0.3968253968253968,0.6031746031746031,0.13302752293577982,21790,9.989252319496922,837.0,6.731018100482083,,
791,541.0,157.0,,611,108.0,99.0,16.0,,297,297,,297,,63828,,,344,,"Block Group 3, Census Tract 2505, Cook County, Illinois",17,031,250500,3,25,Austin,2014,170312505003,0.683944374209861,0.19848293299620734,,223.0,0.3649754500818331,,1.0,,63828,11.063962911512936,,,,
697,379.0,289.0,186.0,532,136.0,82.0,,,265,265,,265,,87232,,,333,,"Block Group 4, Census Tract 2505, Cook County, Illinois",17,031,250500,4,25,Austin,2014,170312505004,0.5437589670014347,0.4146341463414634,0.266857962697274,218.0,0.40977443609022557,,1.0,,87232,11.376337978673549,,,,
1008,,1008.0,,647,,32.0,,,307,251,56.0,356,49.0,34875,727.0,,316,,"Block Group 1, Census Tract 2506, Cook County, Illinois",17,031,250600,1,25,Austin,2014,170312506001,,1.0,,32.0,0.04945904173106646,0.18241042345276873,0.8175895765472313,0.13764044943820225,34875,10.459554192547706,727.0,6.590301048196686,,
1007,20.0,859.0,125.0,697,43.0,74.0,,,331,212,119.0,347,16.0,37969,1018.0,,378,,"Block Group 2, Census Tract 2506, Cook County, Illinois",17,031,250600,2,25,Austin,2014,170312506002,0.019860973187686197,0.8530287984111221,0.12413108242303873,117.0,0.1678622668579627,0.3595166163141994,0.6404833836858006,0.04610951008645533,37969,10.544551653225849,1018.0,6.926577033222725,,
1088,,938.0,150.0,685,104.0,28.0,,,318,230,88.0,335,17.0,55156,894.0,,374,,"Block Group 3, Census Tract 2506, Cook County, Illinois",17,031,250600,3,25,Austin,2014,170312506003,,0.8621323529411765,0.13786764705882354,132.0,0.1927007299270073,0.27672955974842767,0.7232704402515723,0.050746268656716415,55156,10.91793894319107,894.0,6.796823718274855,,
1347,76.0,1271.0,51.0,838,45.0,25.0,,,339,222,117.0,358,19.0,68988,971.0,,541,,"Block Group 4, Census Tract 2506, Cook County, Illinois",17,031,250600,4,25,Austin,2014,170312506004,0.05642167780252413,0.9435783221974758,0.0378619153674833,70.0,0.08353221957040573,0.34513274336283184,0.6548672566371682,0.05307262569832402,68988,11.141702350580776,971.0,6.879355804460439,,
1074,,1074.0,,517,24.0,,,,368,12,356.0,438,70.0,28922,972.0,,393,,"Block Group 1, Census Tract 2507, Cook County, Illinois",17,031,250700,1,25,Austin,2014,170312507001,,1.0,,24.0,0.04642166344294004,0.967391304347826,0.03260869565217391,0.1598173515981735,28922,10.27239240533249,972.0,6.880384082186005,,
830,,830.0,,562,41.0,,,,273,108,165.0,296,23.0,32264,1081.0,,275,23.0,"Block Group 3, Census Tract 2507, Cook County, Illinois",17,031,250700,3,25,Austin,2014,170312507003,,1.0,,41.0,0.07295373665480427,0.6043956043956044,0.3956043956043956,0.0777027027027027,32264,10.38173833036994,1081.0,6.9865664594064265,,0.08363636363636363
1403,,1383.0,84.0,1033,24.0,40.0,10.0,,478,115,363.0,500,22.0,23625,939.0,,468,22.0,"Block Group 4, Census Tract 2507, Cook County, Illinois",17,031,250700,4,25,Austin,2014,170312507004,,0.9857448325017819,0.05987170349251604,74.0,0.07163601161665054,0.7594142259414226,0.2405857740585774,0.044,23625,10.070103079508465,939.0,6.84587987526405,,0.04700854700854701
1005,,1005.0,,681,,,,,381,89,292.0,467,86.0,26343,781.0,,296,,"Block Group 2, Census Tract 2507, Cook County, Illinois",17,031,250700,2,25,Austin,2014,170312507002,,1.0,,0.0,0.0,0.7664041994750657,0.2335958005249344,0.1841541755888651,26343,10.1789958240562,781.0,6.661854740545311,,
1501,25.0,1318.0,232.0,895,124.0,12.0,,,530,235,295.0,577,47.0,42258,926.0,,458,,"Block Group 5, Census Tract 2507, Cook County, Illinois",17,031,250700,5,25,Austin,2014,170312507005,0.016655562958027982,0.8780812791472352,0.15456362425049966,136.0,0.15195530726256984,0.5566037735849056,0.44339622641509435,0.08145580589254767,42258,10.65157262785174,926.0,6.831953565565855,,
1285,91.0,1098.0,183.0,884,35.0,50.0,,,460,254,206.0,504,44.0,36370,940.0,,463,23.0,"Block Group 2, Census Tract 2508, Cook County, Illinois",17,031,250800,2,25,Austin,2014,170312508002,0.07081712062256809,0.8544747081712062,0.1424124513618677,85.0,0.09615384615384616,0.44782608695652176,0.5521739130434783,0.0873015873015873,36370,10.50152703279139,940.0,6.846943139585379,,0.04967602591792657
1153,61.0,775.0,295.0,727,65.0,22.0,,,343,135,208.0,377,34.0,32219,988.0,,425,23.0,"Block Group 1, Census Tract 2508, Cook County, Illinois",17,031,250800,1,25,Austin,2014,170312508001,0.05290546400693842,0.6721595836947094,0.25585429314830876,87.0,0.11966987620357634,0.6064139941690962,0.3935860058309038,0.09018567639257294,32219,10.380342656730965,988.0,6.8966943316227125,,0.05411764705882353
684,259.0,399.0,270.0,415,3.0,32.0,,5.0,319,96,223.0,471,152.0,15134,633.0,,211,,"Block Group 2, Census Tract 5301, Cook County, Illinois",17,031,530100,2,53,West Pullman,2014,170315301002,0.3786549707602339,0.5833333333333334,0.39473684210526316,40.0,0.0963855421686747,0.6990595611285266,0.30094043887147337,0.3227176220806794,15134,9.624765221455819,633.0,6.452048954437226,,
1407,490.0,585.0,746.0,877,53.0,,,,427,202,225.0,509,82.0,22484,808.0,,482,24.0,"Block Group 1, Census Tract 5301, Cook County, Illinois",17,031,530100,1,53,West Pullman,2014,170315301001,0.3482587064676617,0.4157782515991471,0.5302061122956645,53.0,0.06043329532497149,0.5269320843091335,0.47306791569086654,0.16110019646365423,22484,10.020603699204807,808.0,6.695798917058491,,0.04979253112033195
839,,839.0,,505,29.0,,,,223,115,108.0,405,182.0,27798,1176.0,,175,,"Block Group 1, Census Tract 5302, Cook County, Illinois",17,031,530200,1,53,West Pullman,2014,170315302001,,1.0,,29.0,0.05742574257425743,0.484304932735426,0.515695067264574,0.44938271604938274,27798,10.232755327808727,1176.0,7.0707241072602764,,
968,,944.0,,484,36.0,8.0,,,265,74,191.0,386,121.0,17835,1151.0,,198,9.0,"Block Group 5, Census Tract 5302, Cook County, Illinois",17,031,530200,5,53,West Pullman,2014,170315302005,,0.9752066115702479,,44.0,0.09090909090909091,0.720754716981132,0.2792452830188679,0.3134715025906736,17835,9.788974165747367,1151.0,7.049254841255837,,0.045454545454545456
579,,570.0,,431,,18.0,,,207,74,133.0,307,100.0,16964,940.0,,182,26.0,"Block Group 3, Census Tract 5302, Cook County, Illinois",17,031,530200,3,53,West Pullman,2014,170315302003,,0.9844559585492227,,18.0,0.04176334106728538,0.642512077294686,0.357487922705314,0.3257328990228013,16964,9.73890767721833,940.0,6.846943139585379,,0.14285714285714285
1177,,1177.0,,762,82.0,17.0,,,414,244,170.0,574,160.0,29681,983.0,,427,8.0,"Block Group 4, Census Tract 5302, Cook County, Illinois",17,031,530200,4,53,West Pullman,2014,170315302004,,1.0,,99.0,0.12992125984251968,0.4106280193236715,0.5893719806763285,0.2787456445993031,29681,10.298296080455764,983.0,6.891625897052253,,0.01873536299765808
1330,,1330.0,,511,,,,15.0,248,57,191.0,304,56.0,21574,1168.0,,269,,"Block Group 2, Census Tract 5302, Cook County, Illinois",17,031,530200,2,53,West Pullman,2014,170315302002,,1.0,,15.0,0.029354207436399216,0.7701612903225806,0.22983870967741934,0.18421052631578946,21574,9.979290515951629,1168.0,7.063903961472068,,
663,,663.0,,370,72.0,29.0,,,193,74,119.0,278,85.0,58068,991.0,,169,,"Block Group 1, Census Tract 5303, Cook County, Illinois",17,031,530300,1,53,West Pullman,2014,170315303001,,1.0,,101.0,0.27297297297297296,0.616580310880829,0.38341968911917096,0.3057553956834532,58068,10.969387237621987,991.0,6.899723107284872,,
966,50.0,906.0,40.0,528,63.0,12.0,,,274,203,71.0,303,29.0,34400,1589.0,,279,,"Block Group 2, Census Tract 5303, Cook County, Illinois",17,031,530300,2,53,West Pullman,2014,170315303002,0.051759834368530024,0.937888198757764,0.041407867494824016,75.0,0.14204545454545456,0.2591240875912409,0.7408759124087592,0.09570957095709572,34400,10.445840912706414,1589.0,7.371489295214277,,
1312,,1312.0,,802,56.0,,12.0,,373,296,77.0,373,,33533,852.0,,499,5.0,"Block Group 3, Census Tract 5303, Cook County, Illinois",17,031,530300,3,53,West Pullman,2014,170315303003,,1.0,,68.0,0.08478802992518704,0.2064343163538874,0.7935656836461126,,33533,10.420315128497753,852.0,6.748759547491679,,0.01002004008016032
1512,43.0,1437.0,,1156,117.0,56.0,,26.0,587,488,99.0,640,53.0,42303,919.0,,510,35.0,"Block Group 4, Census Tract 5303, Cook County, Illinois",17,031,530300,4,53,West Pullman,2014,170315303004,0.028439153439153438,0.9503968253968254,,199.0,0.17214532871972318,0.1686541737649063,0.8313458262350937,0.0828125,42303,10.652636923211357,919.0,6.824373670043086,,0.06862745098039216
954,,933.0,21.0,603,49.0,26.0,,,296,165,131.0,360,64.0,30000,878.0,,219,4.0,"Block Group 1, Census Tract 5304, Cook County, Illinois",17,031,530400,1,53,West Pullman,2014,170315304001,,0.9779874213836478,0.0220125786163522,75.0,0.12437810945273632,0.44256756756756754,0.5574324324324325,0.17777777777777778,30000,10.308985993422082,878.0,6.778784897685177,,0.0182648401826484
1063,10.0,1039.0,,766,120.0,143.0,31.0,,406,367,39.0,455,49.0,75893,1550.0,,465,34.0,"Block Group 2, Census Tract 5304, Cook County, Illinois",17,031,530400,2,53,West Pullman,2014,170315304002,0.00940733772342427,0.9774223894637818,,294.0,0.3838120104438642,0.0960591133004926,0.9039408866995073,0.1076923076923077,75893,11.237092908875598,1550.0,7.346655163176539,,0.07311827956989247
1580,814.0,36.0,1362.0,800,37.0,27.0,,,411,277,134.0,411,,37138,765.0,,570,63.0,"Block Group 3, Census Tract 6201, Cook County, Illinois",17,031,620100,3,62,West Elsdon,2014,170316201003,0.5151898734177215,0.02278481012658228,0.8620253164556962,64.0,0.08,0.3260340632603406,0.6739659367396593,,37138,10.52242290939612,765.0,6.641182169740591,,0.11052631578947368
1768,935.0,10.0,1417.0,1096,79.0,9.0,,,429,405,24.0,438,9.0,45508,,,790,5.0,"Block Group 2, Census Tract 6201, Cook County, Illinois",17,031,620100,2,62,West Elsdon,2014,170316201002,0.5288461538461539,0.005656108597285068,0.8014705882352942,88.0,0.08029197080291971,0.055944055944055944,0.9440559440559441,0.02054794520547945,45508,10.72566538757657,,,,0.006329113924050633
1417,1096.0,25.0,1133.0,934,54.0,14.0,,,341,318,23.0,367,26.0,49517,,,543,62.0,"Block Group 1, Census Tract 6201, Cook County, Illinois",17,031,620100,1,62,West Elsdon,2014,170316201001,0.7734650670430487,0.017642907551164433,0.799576570218772,68.0,0.0728051391862955,0.06744868035190615,0.9325513196480938,0.07084468664850137,49517,10.81009151882074,,,,0.1141804788213628
1556,1098.0,9.0,1201.0,1016,49.0,37.0,,,457,229,228.0,496,39.0,39160,1049.0,,655,13.0,"Block Group 2, Census Tract 6202, Cook County, Illinois",17,031,620200,2,62,West Elsdon,2014,170316202002,0.705655526992288,0.005784061696658098,0.7718508997429306,86.0,0.08464566929133858,0.4989059080962801,0.5010940919037199,0.07862903225806452,39160,10.575436632579894,1049.0,6.956545443151569,,0.01984732824427481
887,732.0,,506.0,590,14.0,17.0,4.0,,247,175,72.0,267,20.0,57740,871.0,,373,5.0,"Block Group 1, Census Tract 6202, Cook County, Illinois",17,031,620200,1,62,West Elsdon,2014,170316202001,0.8252536640360767,,0.5704622322435174,35.0,0.059322033898305086,0.291497975708502,0.708502024291498,0.0749063670411985,57740,10.963722772083234,871.0,6.77078942390898,,0.013404825737265416
1124,654.0,,810.0,649,54.0,,,,320,219,101.0,342,22.0,60729,1105.0,,453,7.0,"Block Group 3, Census Tract 6203, Cook County, Illinois",17,031,620300,3,62,West Elsdon,2014,170316203003,0.5818505338078291,,0.7206405693950177,54.0,0.08320493066255778,0.315625,0.684375,0.06432748538011696,60729,11.014193088891622,1105.0,7.00850518208228,,0.01545253863134658
888,375.0,1.0,698.0,543,46.0,14.0,,6.0,238,211,27.0,238,,44583,,,281,1.0,"Block Group 1, Census Tract 6203, Cook County, Illinois",17,031,620300,1,62,West Elsdon,2014,170316203001,0.4222972972972973,0.0011261261261261261,0.786036036036036,66.0,0.12154696132596685,0.1134453781512605,0.8865546218487395,,44583,10.705130329249373,,,,0.0035587188612099642
989,818.0,9.0,682.0,604,31.0,59.0,,,313,243,70.0,313,,30781,1219.0,,418,,"Block Group 2, Census Tract 6203, Cook County, Illinois",17,031,620300,2,62,West Elsdon,2014,170316203002,0.8270980788675429,0.00910010111223458,0.6895854398382204,90.0,0.1490066225165563,0.22364217252396165,0.7763578274760383,,30781,10.334685382539899,1219.0,7.106606137727303,,
1022,709.0,22.0,632.0,730,54.0,21.0,10.0,,277,203,74.0,301,24.0,70795,735.0,,487,68.0,"Block Group 5, Census Tract 6203, Cook County, Illinois",17,031,620300,5,62,West Elsdon,2014,170316203005,0.6937377690802349,0.021526418786692758,0.6183953033268101,85.0,0.11643835616438356,0.26714801444043323,0.7328519855595668,0.07973421926910298,70795,11.167557780910645,735.0,6.601230118728877,,0.13963039014373715
1196,772.0,,935.0,604,67.0,18.0,,,297,181,116.0,306,9.0,48750,1168.0,,544,46.0,"Block Group 4, Census Tract 6203, Cook County, Illinois",17,031,620300,4,62,West Elsdon,2014,170316203004,0.6454849498327759,,0.7817725752508361,85.0,0.14072847682119205,0.39057239057239057,0.6094276094276094,0.029411764705882353,48750,10.79448098903612,1168.0,7.063903961472068,,0.08455882352941177
1831,818.0,57.0,1462.0,1061,47.0,8.0,,15.0,511,316,195.0,556,45.0,43628,1102.0,,813,,"Block Group 6, Census Tract 6203, Cook County, Illinois",17,031,620300,6,62,West Elsdon,2014,170316203006,0.4467504096122338,0.03113052976515565,0.7984707809939924,70.0,0.06597549481621112,0.3816046966731898,0.6183953033268101,0.08093525179856115,43628,10.68347734584582,1102.0,7.005789019253503,,
1628,762.0,24.0,1536.0,836,91.0,,,,389,214,175.0,484,95.0,36875,1103.0,,593,,"Block Group 1, Census Tract 6204, Cook County, Illinois",17,031,620400,1,62,West Elsdon,2014,170316204001,0.4680589680589681,0.014742014742014743,0.9434889434889435,91.0,0.10885167464114832,0.4498714652956298,0.5501285347043702,0.1962809917355372,36875,10.515316211918485,1103.0,7.00669522683704,,
953,808.0,,888.0,523,38.0,,,,244,187,57.0,244,,40625,958.0,,386,,"Block Group 3, Census Tract 6204, Cook County, Illinois",17,031,620400,3,62,West Elsdon,2014,170316204003,0.8478488982161595,,0.9317943336831059,38.0,0.07265774378585087,0.2336065573770492,0.7663934426229508,,40625,10.6121635347137,958.0,6.8658910748834385,,
1450,725.0,1.0,1307.0,801,32.0,2.0,,,314,297,17.0,314,,49375,,,570,7.0,"Block Group 4, Census Tract 6204, Cook County, Illinois",17,031,620400,4,62,West Elsdon,2014,170316204004,0.5,0.000689655172413793,0.9013793103448275,34.0,0.04244694132334582,0.054140127388535034,0.945859872611465,,49375,10.807219755162887,,,,0.012280701754385965
876,484.0,15.0,785.0,534,24.0,,,,293,223,70.0,334,41.0,37386,680.0,,314,,"Block Group 2, Census Tract 6204, Cook County, Illinois",17,031,620400,2,62,West Elsdon,2014,170316204002,0.5525114155251142,0.017123287671232876,0.8961187214611872,24.0,0.0449438202247191,0.23890784982935154,0.7610921501706485,0.12275449101796407,37386,10.529078329395084,680.0,6.523562306149512,,
